{"Position":{"x":14.98006820678711,"y":-9.174348831176758,"z":15.551023483276368},"Rotation":{"x":0.0,"y":32.750091552734378,"z":0.0},"CurMapType":1,"ItemList":[1],"QuestName":0}